Date,LAK,AOA,ANG,NOK,XPF,AFN,MZN,DOP,CZK,THB,UZS,HTG,SHP,LTL,ISK,TMT,BIF,NGN,KMF,HRK,NZD,SBD,HNL,MYR,IRR,BWP,LYD,SOS,STD,KRW,NAD,VUV,YER,GMD,MAD,BSD,AWG,RSD,BYR,KZT,XAF,INR,HKD,UYU,JOD,LSL,MUR,GBP,EUR,SZL,SLL,DJF,ERN,VND,BYN,XCD,CVE,ARS,KHR,CRC,GHS,TRY,MGA,PHP,KWD,SIT,PAB,GIP,BBD,VEF,CNY,CDF,QAR,FJD,IDR,PKR,RWF,MWK,BGN,JPY,UGX,TWD,SDG,TND,ZMW,LRD,BMD,FRF,BAM,PLN,ITL,LBP,KPW,CNH,MNT,WST,ETB,MKD,MDL,CHF,AUD,GEL,TJS,ILS,SCR,MMK,JMD,MXV,SYP,AMD,TZS,OMR,IEP,BHD,BZD,TOP,ECS,CAD,AED,NIO,CLP,PYG,GTQ,DEM,RUB,FKP,KGS,GYD,BRL,LVL,BTN,MXN,MVR,XOF,CYP,SRD,DKK,USD,ZWL,PEN,SVC,EGP,IQD,BND,RON,SGD,TTD,AZN,MOP,XDR,MRO,KYD,GNF,DZD,ZAR,SEK,CUP,PGK,SAR,UAH,COP,KES,BDT,BOB,NPR,CLF,HUF,ALL,LKR,ILA,BRX,INX,CAX,CUC,ISX,HUX,CZX
2017-02-19,8190.000000,165.082001,1.780000,8.337800,,66.779999,70.440002,47.139999,25.448000,,3305.000000,64.730003,0.805300,3.048700,110.250000,,,,463.500000,6.955300,1.391900,,23.430000,4.451000,,10.368400,,,23089.199219,1149.270020,13.059000,107.550003,249.399994,,10.065000,1.000000,,115.756500,20020.000000,318.450012,617.409973,67.059998,,28.299999,0.708300,,,0.805900,0.941700,13.060000,7467.000000,177.600006,15.270000,22759.000000,1.870000,2.700000,103.919998,,3991.000000,554.799988,,3.628000,,50.040001,0.305450,216.486755,1.000000,0.805300,2.000000,,6.863900,,3.640800,2.060500,13328.000000,104.650002,814.880005,711.000000,1.836500,112.835999,3582.000000,30.801001,6.399700,2.282300,9.720000,,1.000000,,1.845100,,1700.272217,,,6.845700,2471.000000,2.542700,22.510000,57.700001,19.865000,1.002100,1.302300,2.631900,7.936000,3.699500,,,127.089996,3.606065,514.979980,486.239990,2227.000000,0.384500,0.699154,0.377000,1.997800,2.251300,25000.000000,1.309500,3.672700,29.410000,,5747.000000,7.391500,1.717450,58.431000,0.805100,69.080002,206.490005,3.103500,0.620550,66.925003,20.424000,15.320000,,0.519550,,6.986000,,322.355011,3.257500,8.722200,15.950000,1181.000000,1.417900,,1.417450,6.699500,1.734700,7.992800,,355.000000,,9220.000000,109.907997,13.059800,8.913900,1.000000,,3.749800,,2885.000000,103.349998,80.089996,6.870000,108.599998,0.024200,290.320007,127.199997,,370.399994,3.094400,67.046700,1.311600,0.995000,110.129997,289.250000,25.372000
2017-02-15,8180.000000,165.080994,1.770000,8.389750,112.400002,66.589996,70.440002,46.599998,25.588600,35.000000,3305.000000,66.040001,0.802200,3.048700,111.599998,3.400000,1684.900024,315.000000,461.000000,7.054200,1.392100,7.761500,23.440001,4.444000,32392.000000,10.422500,1.422200,547.000000,23200.699219,1138.589966,13.031000,106.089996,249.949997,43.490002,10.081000,1.000000,1.790000,116.389198,20020.000000,320.500000,620.869995,66.893997,7.761350,28.459999,0.708000,13.100000,35.450001,0.804920,0.946700,13.032000,7397.000000,177.910004,15.280000,22774.000000,1.875400,2.700000,104.410004,15.452000,3977.899902,552.950012,4.398500,3.663600,3123.000000,49.849998,0.305000,216.486755,1.000000,0.802200,2.000000,9.974800,6.867900,1254.000000,3.640500,2.040000,13292.000000,104.800003,814.659973,716.789978,1.841100,114.514999,3577.000000,30.743000,6.399700,2.290700,9.680000,92.000000,1.000000,5.760100,1.855400,4.072800,1700.272217,1506.500000,900.000000,6.856600,2477.580078,2.547900,22.549999,57.980000,19.945000,1.008900,1.302400,2.636700,7.917400,3.743500,13.288000,1354.000000,128.360001,3.567566,514.979980,486.059998,2226.000000,0.384800,0.699154,0.376900,1.997800,2.254800,25000.000000,1.307740,3.672500,29.501101,640.099976,5726.899902,7.420500,1.717450,57.500198,0.802000,69.154999,204.399994,3.084600,0.620550,66.925003,20.335100,15.410000,626.640015,0.519550,7.470000,7.041210,1.000000,322.355011,3.257000,8.722200,16.400000,1181.000000,1.421900,4.274700,1.422510,6.739500,1.729100,7.993800,0.738476,355.119995,0.820000,9355.500000,109.901001,13.013300,8.950940,1.000000,3.172100,3.749600,26.940001,2866.100098,103.400002,79.800003,6.880000,108.599998,0.024110,292.170013,127.339996,150.449997,,,,,,,,
2017-02-12,8185.799805,165.080994,1.790000,8.369200,111.580002,66.589996,70.440002,46.720001,25.389999,35.040001,3295.000000,64.440002,0.800600,3.048700,112.860001,3.410000,1684.079956,315.000000,461.100006,6.971300,1.388400,7.794800,23.520000,4.442000,32376.000000,10.532400,1.419800,549.000000,23030.599609,1145.089966,13.356000,106.099998,249.949997,44.849998,10.065000,1.000000,1.790000,115.979797,20020.000000,322.510010,616.000000,66.811996,7.756400,28.450001,0.707500,13.360000,35.349998,0.800770,0.939600,13.356700,7342.000000,177.800003,15.280000,22639.000000,1.900000,2.700000,103.650002,15.512000,4013.000000,553.619995,4.429700,3.694100,3130.000000,49.950001,0.304600,216.486755,1.000000,0.800600,2.000000,9.975000,6.877400,1256.000000,3.640800,2.047500,13315.000000,104.699997,814.390015,716.630005,1.840100,113.205002,3574.000000,30.952000,6.399700,2.280800,9.850000,90.000000,1.000000,5.760100,1.840900,4.036500,1700.272217,1505.599976,900.000000,6.861100,2472.000000,2.545900,22.549999,57.500000,19.913000,1.001900,1.301100,2.635400,7.902200,3.748000,13.479000,1375.000000,127.769997,3.572750,514.979980,486.290009,2228.000000,0.384500,0.699154,0.376600,1.997800,2.253300,25000.000000,1.307600,3.672500,29.485300,639.580017,5796.000000,7.435500,1.717450,58.016899,0.800400,69.418999,203.559998,3.114500,0.620550,66.949997,20.338100,15.330000,615.950012,0.519550,7.470000,6.988910,1.000000,322.355011,3.249200,8.722200,17.799999,1181.000000,1.420500,4.217300,1.420900,6.698500,1.824700,7.989100,0.738543,355.000000,0.820000,9300.000000,109.764999,13.349800,8.917500,1.000000,3.170600,3.750200,27.190001,2849.600098,103.250000,79.660004,6.860000,108.599998,0.024060,289.380005,127.070000,150.350006,,,,,,,,
2017-02-11,8185.799805,165.080994,1.790000,8.369200,111.580002,66.589996,70.440002,46.720001,25.389999,35.040001,3295.000000,64.440002,0.800600,3.048700,112.860001,3.410000,1684.079956,315.000000,461.100006,6.971300,1.388400,7.794800,23.520000,4.442000,32376.000000,10.532400,1.419800,549.000000,23030.599609,1145.089966,13.356000,106.099998,249.949997,44.849998,10.065000,1.000000,1.790000,115.979797,20020.000000,322.510010,616.000000,66.811996,7.756400,28.450001,0.707500,13.360000,35.349998,0.800770,0.939600,13.356700,7342.000000,177.800003,15.280000,22639.000000,1.900000,2.700000,103.650002,15.512000,4013.000000,553.619995,4.429700,3.694100,3130.000000,49.950001,0.304600,216.486755,1.000000,0.800600,2.000000,9.975000,6.877400,1256.000000,3.640800,2.047500,13315.000000,104.699997,814.390015,716.630005,1.840100,113.205002,3574.000000,30.952000,6.399700,2.280800,9.850000,90.000000,1.000000,5.760100,1.840900,4.036500,1700.272217,1505.599976,900.000000,6.861100,2472.000000,2.545900,22.549999,57.500000,19.913000,1.001900,1.301100,2.635400,7.902200,3.748000,13.479000,1375.000000,127.769997,3.572750,514.979980,486.290009,2228.000000,0.384500,0.699154,0.376600,1.997800,2.253300,25000.000000,1.307600,3.672500,29.485300,639.580017,5796.000000,7.435500,1.717450,58.016899,0.800400,69.418999,203.559998,3.114500,0.620550,66.949997,20.338100,15.330000,615.950012,0.519550,7.470000,6.988910,1.000000,322.355011,3.249200,8.722200,17.799999,1181.000000,1.420500,4.217300,1.420900,6.698500,1.824700,7.989100,0.738543,355.000000,0.820000,9300.000000,109.764999,13.349800,8.917500,1.000000,3.170600,3.750200,27.190001,2849.600098,103.250000,79.660004,6.860000,108.599998,0.024060,289.380005,127.070000,150.350006,,,,,,,,
2017-01-29,8181.000000,165.080994,1.770000,8.338300,111.570000,66.720001,70.339996,46.419998,25.257999,35.250000,3260.000000,67.419998,0.796300,3.048700,116.300003,3.400000,1681.079956,315.000000,461.799988,6.955300,1.376200,7.810000,23.549999,4.430000,32360.000000,10.532400,1.417800,547.000000,22910.000000,1177.319946,13.460000,108.480003,249.949997,43.770000,10.031500,1.000000,1.790000,115.855301,20020.000000,327.809998,612.630005,68.079002,7.755700,28.150000,0.707700,13.460000,35.470001,0.796910,0.934500,13.460000,7369.000000,178.000000,15.280000,22589.000000,1.930000,2.700000,103.099998,15.880000,4015.000000,547.859985,4.328500,3.876700,3198.000000,49.770000,0.305050,216.486755,1.000000,0.796300,2.000000,9.974800,6.876700,1223.000000,3.640700,2.073000,13357.000000,104.650002,813.440002,716.710022,1.831100,115.080002,3589.000000,31.530001,6.408700,2.306300,9.840000,91.000000,1.000000,5.760100,1.830800,4.047500,1700.272217,1505.699951,900.000000,6.867400,2466.000000,2.555000,22.410000,57.189999,19.905001,0.998560,1.323200,2.688700,7.891400,3.768500,13.430000,1359.000000,127.650002,3.770128,514.979980,485.880005,2225.000000,0.384400,0.699154,0.376900,1.997800,2.293200,25000.000000,1.314400,3.672800,29.430201,649.599976,5794.000000,7.476000,1.717450,59.775002,0.796100,69.200996,206.490005,3.140000,0.620550,68.000000,20.872000,15.200000,618.750000,0.519550,7.430000,6.949860,1.000000,322.355011,3.287500,8.722200,18.700001,1181.000000,1.431800,4.238200,1.430750,6.689500,1.906300,7.988100,0.737741,355.000000,0.820000,9325.000000,109.497002,13.464800,8.850700,1.000000,3.171600,3.749800,27.176001,2928.600098,103.750000,79.320000,6.860000,108.599998,0.024440,290.670013,127.500000,150.000000,,,,,,,,
2017-01-28,8181.000000,165.080994,1.770000,8.338300,111.570000,66.720001,70.339996,46.419998,25.257999,35.250000,3260.000000,67.419998,0.796300,3.048700,116.300003,3.400000,1681.079956,315.000000,461.799988,6.955300,1.376200,7.810000,23.549999,4.430000,32360.000000,10.532400,1.417800,547.000000,22910.000000,1177.319946,13.460000,108.480003,249.949997,43.770000,10.031500,1.000000,1.790000,115.855301,20020.000000,327.809998,612.630005,68.079002,7.755700,28.150000,0.707700,13.460000,35.470001,0.796910,0.934500,13.460000,7369.000000,178.000000,15.280000,22589.000000,1.930000,2.700000,103.099998,15.879000,4015.000000,547.859985,4.328500,3.876700,3198.000000,49.770000,0.305050,216.486755,1.000000,0.796300,2.000000,9.974800,6.876700,1223.000000,3.640700,2.073000,13357.000000,104.650002,813.440002,716.710022,1.831100,115.080002,3589.000000,31.530001,6.408700,2.306300,9.840000,91.000000,1.000000,5.760100,1.830800,4.047500,1700.272217,1505.699951,900.000000,6.867400,2466.000000,2.555000,22.410000,57.189999,19.905001,0.998560,1.323200,2.688700,7.891400,3.768500,13.430000,1359.000000,127.650002,3.770128,514.979980,485.880005,2225.000000,0.384400,0.699154,0.376900,1.997800,2.293200,25000.000000,1.314400,3.672800,29.430201,649.599976,5794.000000,7.476000,1.717450,59.775002,0.796100,69.200996,206.490005,3.139800,0.620550,68.000000,20.872000,15.200000,618.750000,0.519550,7.430000,6.949860,1.000000,322.355011,3.287500,8.722200,18.700001,1181.000000,1.431800,4.238200,1.430750,6.689500,1.906300,7.988100,0.737741,355.000000,0.820000,9325.000000,109.497002,13.464800,8.850700,1.000000,3.171600,3.749800,27.176001,2927.600098,103.750000,79.320000,6.860000,108.599998,0.024440,290.670013,127.500000,150.000000,,,,,,,,
2017-01-27,8186.000000,165.080994,1.770000,8.333310,111.370003,66.709999,69.199997,46.410000,25.283001,35.290001,3260.000000,66.730003,0.795700,3.048700,115.699997,3.400000,1680.680054,315.000000,461.869995,7.004000,1.379700,7.825300,23.559999,4.430000,32360.000000,10.532400,1.418100,549.000000,22950.800781,1173.290039,13.431000,106.620003,249.949997,43.799999,10.015000,1.000000,1.790000,115.855301,20020.000000,328.200012,613.950012,68.129997,7.757300,28.170000,0.708000,13.330000,35.549999,0.797810,0.936500,13.440000,7372.000000,175.850006,15.270000,22589.000000,1.930000,2.700000,103.290001,15.931000,3992.399902,545.000000,4.268500,3.887500,3198.000000,49.779999,0.304600,216.486755,1.000000,0.795700,2.000000,9.974800,6.876700,1225.000000,3.640800,2.067000,13355.000000,104.790001,813.229980,716.710022,1.827900,115.185997,3587.000000,31.534000,6.408700,2.312900,9.770000,92.000000,1.000000,5.760100,1.834700,4.063700,1700.272217,1505.500000,900.000000,6.866300,2470.000000,2.555000,22.400000,57.349998,19.934999,1.001280,1.329500,2.688700,7.891400,3.794800,13.509000,1344.000000,128.350006,3.750720,514.979980,485.980011,2220.000000,0.384800,0.699154,0.376800,1.997800,2.291100,25000.000000,1.311340,3.672800,29.430201,651.039978,5778.000000,7.482500,1.717450,60.341599,0.795400,69.399002,204.509995,3.177300,0.620550,68.000000,21.286400,15.210000,619.840027,0.519550,7.430000,6.965870,1.000000,322.355011,3.299100,8.722200,18.700001,1181.000000,1.427700,4.212500,1.428310,6.689500,1.906300,7.990000,0.736019,355.000000,0.820000,9325.000000,109.336998,13.474700,8.854660,1.000000,3.174600,3.750100,27.174999,2939.300049,103.750000,79.250000,6.860000,108.599998,0.024490,291.769989,127.089996,150.100006,,,,,,,,
2017-01-26,8163.000000,165.080994,1.770000,8.314860,111.370003,66.650002,69.449997,46.410000,25.153999,35.200001,3255.000000,66.730003,0.789800,3.048700,115.099998,3.400000,1678.010010,315.000000,461.899994,6.942200,1.374400,7.856000,23.549999,4.427500,32360.000000,10.444300,1.418100,547.000000,22809.699219,1159.930054,13.242000,106.180000,250.199997,43.830002,10.003100,1.000000,1.790000,114.942398,20020.000000,328.420013,610.080017,68.039001,7.757440,28.200001,0.707800,13.220000,35.549999,0.790360,0.930700,13.230000,7372.000000,177.699997,15.270000,22589.000000,1.920000,2.700000,102.650002,15.949000,3989.800049,545.000000,4.338500,3.833000,3213.000000,49.730000,0.304400,216.486755,1.000000,0.789800,2.000000,9.974800,6.875800,1223.000000,3.640500,2.068000,13301.000000,104.739998,812.969971,716.679993,1.820600,113.712997,3582.000000,31.275999,6.666700,2.271700,9.820000,90.000000,1.000000,5.760100,1.823200,4.047500,1700.272217,1504.000000,900.000000,6.832800,2470.000000,2.555000,22.410000,56.990002,19.955000,0.998100,1.323000,2.682200,7.888800,3.778400,13.415000,1358.000000,128.440002,3.841144,514.979980,485.649994,2213.000000,0.384800,0.699154,0.376900,1.997800,2.291100,25000.000000,1.308530,3.672500,29.426300,648.570007,5770.700195,7.497000,1.717450,59.654900,0.789600,69.430000,204.509995,3.169500,0.620550,68.150002,21.036600,15.210000,616.030029,0.519550,7.420000,6.922930,1.000000,322.355011,3.291600,8.722000,18.850000,1181.000000,1.417000,4.183000,1.417340,6.689500,1.906300,7.989900,0.735201,355.000000,0.820000,9350.000000,109.051003,13.221700,8.805240,1.000000,3.170500,3.749100,27.200001,2919.199951,103.699997,79.389999,6.860000,108.599998,0.024390,288.750000,127.050003,150.100006,,,,,,,,
2017-01-25,8167.000000,165.080002,1.770000,8.346240,111.370003,66.570000,69.449997,46.360001,25.182699,35.250000,3250.000000,67.070000,0.798800,3.048700,114.650002,3.410000,1680.010010,315.000000,461.950012,6.953600,1.381400,7.856000,23.520000,4.431500,32362.000000,10.488200,1.417800,545.000000,22835.300781,1164.869995,13.348000,106.169998,249.949997,44.279999,10.010200,1.000000,1.790000,115.230499,20020.000000,328.200012,610.900024,68.168999,7.755800,28.240000,0.708000,13.350000,35.650002,0.798500,0.931800,13.348000,7315.000000,177.699997,15.290000,22569.000000,1.920000,2.700000,102.769997,15.909000,3989.399902,545.000000,4.238500,3.810500,3198.000000,49.820000,0.304400,216.486755,1.000000,0.798800,2.000000,9.974800,6.875400,1226.000000,3.641000,2.070000,13318.000000,104.790001,813.010010,716.719971,1.819700,113.616997,3582.000000,31.367001,6.666700,2.299800,9.740000,92.000000,1.000000,5.760100,1.825600,4.066900,1700.272217,1504.000000,900.000000,6.835300,2472.000000,2.555000,22.400000,57.070000,20.004999,1.000100,1.329700,2.679100,7.886600,3.786300,13.257000,1359.000000,128.179993,3.817546,514.979980,485.859985,2234.000000,0.384800,0.699154,0.376900,1.997700,2.291100,25000.000000,1.315360,3.672800,29.422400,651.849976,5791.600098,7.507500,1.717450,59.185001,0.798600,69.461998,204.509995,3.169500,0.620550,68.099998,21.559000,15.220000,616.830017,0.519550,7.410000,6.930470,1.000000,322.355011,3.282000,8.722200,18.910000,1181.000000,1.420200,4.186400,1.420810,6.689500,1.855400,7.988600,0.735660,354.959991,0.820000,9386.900391,109.124001,13.371200,8.849440,1.000000,3.154600,3.750100,27.195000,2923.100098,103.830002,78.970001,6.850000,108.599998,0.024530,288.980011,127.400002,150.199997,,,,,,,,
2017-01-24,8162.000000,165.080002,1.770000,8.351470,111.370003,66.550003,70.750000,46.360001,25.150200,35.230000,3260.000000,65.959999,0.799400,3.048700,112.449997,3.400000,1679.660034,315.000000,461.980011,6.980700,1.383600,7.840600,23.480000,4.428000,32359.000000,10.510200,1.418600,547.000000,22803.400391,1166.410034,13.460000,106.239998,249.949997,43.369999,9.996000,1.000000,1.790000,114.976799,20020.000000,328.299988,609.900024,68.102997,7.756900,28.530001,0.708000,13.520000,35.590000,0.801240,0.930300,13.460000,7347.000000,177.929993,15.290000,22569.000000,1.930000,2.700000,102.620003,15.922000,3990.300049,545.000000,4.238500,3.760000,3226.000000,49.820000,0.304400,216.486755,1.000000,0.799400,2.000000,9.974800,6.853600,1225.000000,3.640500,2.075000,13290.000000,104.790001,813.059998,716.679993,1.825300,113.315002,3587.000000,31.353001,6.666700,2.298300,9.830000,91.000000,1.000000,5.760100,1.822600,4.066100,1700.272217,1504.000000,900.000000,6.817000,2478.000000,2.555000,22.410000,56.980000,20.014999,0.998840,1.321800,2.676800,7.886700,3.789100,13.380000,1355.000000,128.360001,3.827483,514.979980,485.829987,2243.000000,0.384800,0.699154,0.376900,1.989200,2.291100,25000.000000,1.326410,3.672200,29.418400,653.429993,5766.700195,7.517500,1.717450,59.137199,0.799200,69.473000,204.509995,3.162600,0.620550,68.125000,21.384001,15.280000,615.799988,0.519550,7.410000,6.919580,1.000000,322.355011,3.280300,8.722000,18.959999,1181.000000,1.418500,4.188000,1.418940,6.689500,1.855400,7.989300,0.736349,354.899994,0.820000,9335.000000,109.082001,13.454600,8.831230,1.000000,3.172100,3.750100,27.200001,2921.100098,103.750000,78.980003,6.860000,108.599998,0.024560,288.260010,127.050003,150.000000,,,,,,,,
2017-01-23,8176.000000,165.080002,1.770000,8.388240,111.370003,66.669998,69.650002,46.360001,25.171400,35.270000,3245.000000,65.959999,0.805200,3.048700,113.019997,3.400000,1678.280029,315.000000,462.000000,6.962300,1.389700,7.825300,23.580000,4.436000,32360.000000,10.532400,1.423000,547.000000,22818.199219,1167.030029,13.620000,106.510002,249.949997,44.349998,9.940000,1.000000,1.790000,114.962303,20020.000000,331.070007,610.349976,68.125000,7.757000,28.559999,0.708100,13.580000,35.669998,0.803490,0.930900,13.502300,7292.000000,177.929993,15.290000,22549.000000,1.940000,2.700000,102.690002,15.899000,4035.000000,545.000000,4.268500,3.771100,3228.000000,49.930000,0.304700,216.486755,1.000000,0.805200,2.000000,9.974800,6.852900,1220.000000,3.640800,2.075000,13338.000000,104.790001,812.580017,715.000000,1.839600,113.540001,3587.000000,31.403000,6.666700,2.269500,9.820000,90.000000,1.000000,5.760100,1.824000,4.070600,1700.272217,1504.000000,900.000000,6.829500,2480.000000,2.555000,22.410000,57.009998,20.025000,0.999800,1.322900,2.666300,7.885800,3.795900,13.124000,1349.000000,128.610001,3.925971,514.979980,485.709991,2253.000000,0.384800,0.699154,0.376900,1.979800,2.291100,25000.000000,1.328310,3.672500,29.414499,657.049988,5780.700195,7.533500,1.717450,59.356201,0.805000,69.473000,202.710007,3.168300,0.620550,68.150002,21.408800,15.200000,619.750000,0.519550,7.400000,6.924320,1.000000,322.355011,3.288000,8.722000,18.700001,1181.000000,1.418300,4.186000,1.418900,6.689500,1.830600,7.989200,0.738881,354.899994,0.820000,9335.000000,109.181000,13.502200,8.843820,1.000000,3.184800,3.749100,27.355000,2919.500000,103.800003,78.970001,6.860000,108.599998,0.024670,288.239990,128.119995,149.949997,,,,,,,,
2017-01-22,8201.000000,165.080002,1.770000,8.411400,111.570000,66.669998,70.669998,46.220001,25.257999,35.380001,3245.000000,65.959999,0.808800,3.048700,113.019997,3.400000,1678.280029,315.000000,462.000000,6.989700,1.394400,7.825300,23.590000,4.443000,32366.000000,10.554700,1.425800,547.000000,22916.400391,1173.890015,13.589000,108.349998,249.949997,43.860001,9.995000,1.000000,1.790000,115.696999,20020.000000,332.260010,612.369995,68.049004,7.755700,28.570000,0.707500,13.580000,35.669998,0.808210,0.934000,13.590000,7342.000000,177.600006,15.280000,22569.000000,1.940000,2.700000,103.059998,15.900000,4011.000000,547.000000,4.336000,3.765600,3228.000000,49.970001,0.305200,216.486755,1.000000,0.808800,2.000000,9.974800,6.872800,1224.000000,3.640700,2.075000,13403.000000,104.699997,812.580017,716.750000,1.839600,114.599998,3584.000000,31.497999,6.407700,2.282800,9.840000,90.000000,1.000000,5.760100,1.830000,4.084500,1700.272217,1505.500000,900.000000,6.832500,2482.000000,2.555000,22.410000,57.230000,20.020000,1.001200,1.321500,2.652400,7.884000,3.799000,13.322000,1349.000000,128.630005,3.925971,514.979980,485.709991,2253.000000,0.384800,0.699154,0.376900,1.979800,2.291100,25000.000000,1.332500,3.672800,29.402700,656.000000,5780.700195,7.533500,1.717450,59.832001,0.808500,69.473000,202.710007,3.168500,0.620550,68.150002,21.575001,15.200000,619.770020,0.519550,7.400000,6.948970,1.000000,322.355011,3.294500,8.722200,18.780001,1181.000000,1.424400,4.198200,1.424590,6.689500,1.830600,7.988100,0.738881,355.000000,0.820000,9332.000000,109.747002,13.589800,8.863400,1.000000,3.172100,3.750100,27.340000,2920.000000,103.650002,79.190002,6.860000,108.599998,0.024670,288.989990,128.119995,150.070007,,,,,,,,
2017-01-21,8201.000000,165.080002,1.770000,8.411400,111.570000,66.669998,70.669998,46.220001,25.257999,35.380001,3245.000000,65.959999,0.808800,3.048700,113.019997,3.400000,1678.280029,315.000000,462.000000,6.989700,1.394400,7.825300,23.590000,4.443000,32366.000000,10.554700,1.425800,547.000000,22916.400391,1173.890015,13.589000,108.349998,249.949997,43.860001,9.995000,1.000000,1.790000,115.696999,20020.000000,332.260010,612.369995,68.049004,7.755700,28.570000,0.707500,13.580000,35.669998,0.808210,0.934000,13.590000,7342.000000,177.600006,15.280000,22569.000000,1.940000,2.700000,103.059998,15.899000,4011.000000,547.000000,4.336000,3.765600,3228.000000,49.970001,0.305200,216.486755,1.000000,0.808800,2.000000,9.974800,6.872800,1224.000000,3.640700,2.075000,13403.000000,104.699997,812.580017,716.750000,1.839600,114.599998,3584.000000,31.497999,6.407700,2.282800,9.840000,90.000000,1.000000,5.760100,1.830000,4.084500,1700.272217,1505.500000,900.000000,6.832500,2482.000000,2.555000,22.410000,57.230000,20.020000,1.001200,1.321500,2.652400,7.884000,3.799000,13.322000,1349.000000,128.630005,3.925971,514.979980,485.709991,2253.000000,0.384800,0.699154,0.376900,1.979800,2.291100,25000.000000,1.332500,3.672800,29.402700,656.000000,5780.700195,7.533500,1.717450,59.832001,0.808500,69.473000,202.710007,3.168500,0.620550,68.150002,21.584000,15.200000,619.770020,0.519550,7.400000,6.948970,1.000000,322.355011,3.294500,8.722200,18.780001,1181.000000,1.424400,4.198200,1.424590,6.689500,1.830600,7.988100,0.738881,355.000000,0.820000,9332.000000,109.747002,13.589800,8.863400,1.000000,3.172100,3.750100,27.340000,2919.000000,103.650002,79.190002,6.860000,108.599998,0.024670,288.989990,128.119995,150.070007,,,,,,,,
2017-01-20,8167.000000,165.080002,1.770000,8.451050,111.370003,66.669998,69.449997,46.360001,25.337799,35.349998,3250.000000,65.959999,0.809300,3.048700,113.000000,3.400000,1678.280029,315.000000,462.049988,7.011300,1.393300,7.840600,23.545000,4.447000,32366.000000,10.554700,1.426100,547.000000,22974.400391,1171.550049,13.530000,106.510002,249.949997,43.880001,10.047800,1.000000,1.790000,116.090797,20020.000000,331.859985,614.409973,68.160004,7.757650,28.600000,0.707800,13.550000,36.009998,0.810050,0.937400,13.522300,7345.000000,177.800003,15.270000,22572.000000,1.940000,2.700000,103.389999,15.899000,3991.800049,545.000000,4.306000,3.810500,3238.000000,49.950001,0.305100,216.486755,1.000000,0.809300,2.000000,9.974800,6.872000,1225.000000,3.640300,2.081000,13380.000000,104.779999,812.580017,716.750000,1.833400,114.846001,3583.000000,31.547001,6.407700,2.315800,9.860000,91.000000,1.000000,5.760100,1.836100,4.093400,1700.272217,1504.000000,900.000000,6.843300,2482.000000,2.555000,22.410000,57.410000,20.025000,1.005990,1.324700,2.652400,7.884000,3.809300,13.007000,1349.000000,128.429993,3.934323,514.979980,486.690002,2243.000000,0.384800,0.699154,0.376900,1.979800,2.291100,25000.000000,1.331810,3.672500,29.402700,661.940002,5770.500000,7.533500,1.717450,59.625999,0.809000,69.473000,204.509995,3.195800,0.620550,68.150002,21.925100,15.280000,616.900024,0.519550,7.400000,6.972750,1.000000,322.355011,3.311500,8.722200,18.850000,1181.000000,1.425300,4.211400,1.425750,6.689500,1.830600,7.990000,0.738881,354.899994,0.820000,9325.000000,109.429001,13.520700,8.933720,1.000000,3.172100,3.750300,27.400000,2940.600098,103.599998,79.000000,6.850000,108.849998,0.024890,289.220001,128.250000,150.070007,,,,,,,,
2017-01-19,8168.000000,165.080002,1.770000,8.466840,111.480003,66.699997,69.449997,46.369999,25.373501,35.360001,3245.000000,66.620003,0.814200,3.048700,112.199997,3.410000,1678.280029,315.000000,462.000000,7.031300,1.395500,7.865300,23.520000,4.449500,32366.000000,10.588200,1.422400,549.000000,23013.300781,1175.910034,13.563000,107.059998,249.899994,43.400002,10.055300,1.000000,1.790000,116.090797,20020.000000,331.029999,615.349976,68.179001,7.756720,28.629999,0.708500,13.500000,36.020000,0.812310,0.938800,13.548500,7399.000000,176.740005,15.290000,22563.000000,1.940000,2.700000,103.570000,15.959000,3990.899902,545.000000,4.228500,3.790200,3238.000000,49.959999,0.304900,216.486755,1.000000,0.814200,2.000000,9.974800,6.872000,1228.000000,3.640400,2.072500,13373.000000,104.779999,812.580017,716.630005,1.834000,114.695999,3585.000000,31.606001,6.666700,2.309800,9.890000,91.000000,1.000000,5.760100,1.838900,4.098200,1700.272217,1504.000000,900.000000,6.838700,2482.000000,2.555000,22.400000,57.490002,20.025000,1.006570,1.326300,2.644300,7.884300,3.811800,13.400000,1357.000000,128.669998,3.887693,514.979980,486.170013,2228.000000,0.384900,0.699154,0.376900,1.979800,2.291100,25000.000000,1.326830,3.672500,29.398800,661.539978,5763.000000,7.533500,1.717450,59.665001,0.814000,69.473999,204.509995,3.230300,0.620550,67.974998,21.915600,15.200000,615.919983,0.519550,7.400000,6.982100,1.000000,322.355011,3.337500,8.722200,18.650000,1181.000000,1.426800,4.217400,1.427340,6.689500,1.830600,7.989300,0.737615,354.899994,0.820000,9325.000000,109.692001,13.551100,8.937370,1.000000,3.172100,3.750300,27.420000,2933.899902,103.750000,78.919998,6.850000,108.349998,0.024870,288.829987,128.000000,150.149994,,,,,,,,
2017-01-18,8166.000000,165.078995,1.770000,8.460210,110.900002,66.690002,68.949997,46.369999,25.267099,35.270000,3250.000000,64.120003,0.810100,3.048700,112.599998,3.400000,1678.280029,315.000000,462.000000,7.009700,1.387100,7.865300,23.530001,4.450000,32365.000000,10.554700,1.425800,547.000000,22912.099609,1164.170044,13.532000,109.080002,249.949997,42.950001,10.021000,1.000000,1.790000,115.538399,20020.000000,330.119995,613.049988,67.939003,7.756100,28.680000,0.708500,13.500000,35.750000,0.811240,0.934700,13.541000,7417.000000,176.399994,15.270000,22571.000000,1.940000,2.700000,103.110001,15.883000,3991.300049,545.000000,4.228500,3.788400,3243.000000,49.820000,0.304800,216.486755,1.000000,0.810100,2.000000,9.974800,6.834100,1225.000000,3.640500,2.087500,13323.000000,104.779999,812.580017,716.590027,1.830600,113.213997,3605.000000,31.503000,6.666700,2.282700,9.820000,91.000000,1.000000,5.760100,1.832100,4.080800,1700.272217,1504.000000,900.000000,6.810200,2486.000000,2.555000,22.400000,57.250000,20.035000,1.001650,1.323300,2.644300,7.884500,3.806500,13.192000,1357.000000,128.580002,3.869565,514.979980,485.820007,2228.000000,0.384800,0.699154,0.376900,1.979800,2.288500,25000.000000,1.305870,3.672500,29.394800,656.640015,5771.000000,7.533500,1.717450,59.076199,0.809800,69.473000,204.509995,3.211100,0.620550,67.974998,21.571800,15.360000,613.330017,0.519550,7.400000,6.953350,1.000000,322.355011,3.335000,8.722000,18.850000,1181.000000,1.419500,4.200000,1.420050,6.699500,1.804000,7.988400,0.737067,354.899994,0.820000,9359.400391,109.511002,13.544100,8.902600,1.000000,3.189800,3.750300,27.440001,2917.000000,103.750000,78.250000,6.860000,108.349998,0.024680,287.369995,125.449997,149.649994,,,,,,,,
2017-01-17,8168.000000,165.078995,1.770000,8.492990,111.269997,66.720001,69.449997,46.360001,25.349199,35.320000,3250.000000,64.120003,0.827800,3.048700,114.169998,3.400000,1678.280029,314.000000,462.019989,7.027300,1.394500,7.871500,22.750000,4.460000,32369.000000,10.599500,1.429000,547.000000,22968.000000,1168.699951,13.675000,107.389999,249.949997,43.459999,9.993600,1.000000,1.790000,115.743896,20020.000000,332.500000,614.849976,68.029999,7.755410,28.719999,0.708500,13.690000,35.799999,0.825210,0.937900,13.446000,7372.000000,177.850006,15.290000,22569.000000,1.940000,2.700000,103.370003,15.849000,3990.800049,545.000000,4.228500,3.778200,3288.000000,49.730000,0.305000,216.486755,1.000000,0.827800,2.000000,9.974800,6.868500,1225.000000,3.640000,2.088000,13308.000000,104.809998,812.580017,716.659973,1.846200,113.240997,3605.000000,31.469999,6.577900,2.321400,9.890000,90.000000,1.000000,5.760100,1.837400,4.105200,1700.272217,1504.000000,900.000000,6.822600,2488.000000,2.573500,22.400000,57.400002,20.035000,1.005630,1.326800,2.698400,7.881900,3.816800,13.350000,1349.000000,128.309998,3.872180,514.979980,485.420013,2222.000000,0.384800,0.699154,0.376900,1.979800,2.307000,25000.000000,1.306940,3.672500,29.390900,662.119995,5784.700195,7.533500,1.717450,59.270599,0.827500,69.469002,202.710007,3.241800,0.620550,68.150002,21.562799,15.240000,614.830017,0.519550,7.400000,6.976350,1.000000,322.355011,3.368000,8.722200,18.850000,1181.000000,1.420400,4.217200,1.422400,6.699500,1.804000,7.987800,0.740056,354.839996,0.820000,9300.000000,109.897003,13.469000,8.904420,1.000000,3.172100,3.749200,27.590000,2940.899902,103.750000,79.190002,6.860000,108.900002,0.024890,288.809998,129.190002,150.100006,,,,,,,,
2017-01-16,8165.000000,165.078995,1.770000,8.532110,112.050003,66.750000,69.449997,46.360001,25.488501,35.400002,3235.000000,64.129997,0.830900,3.048700,113.699997,3.410000,1678.270020,315.000000,462.000000,7.076300,1.410800,7.819200,22.799999,4.464500,32370.000000,10.599500,1.429000,546.000000,23124.099609,1185.099976,13.553000,107.330002,249.899994,43.830002,10.066000,1.000000,1.790000,116.181198,20020.000000,333.299988,618.580017,68.139999,7.755200,28.650000,0.708300,13.500000,36.080002,0.831350,0.943600,13.617300,7372.000000,178.330002,15.270000,22569.000000,1.950000,2.700000,104.070000,15.839000,3990.699951,545.000000,4.248500,3.759500,3293.000000,50.000000,0.305400,216.486755,1.000000,0.830900,2.000000,9.974800,6.905700,1224.000000,3.640600,2.085000,13335.000000,104.779999,812.590027,716.669983,1.834600,114.029999,3602.000000,31.641001,6.577900,2.294600,9.830000,91.000000,1.000000,5.760100,1.848600,4.137600,1700.272217,1505.099976,900.000000,6.861600,2488.000000,2.573500,22.459999,57.799999,20.025000,1.012160,1.339500,2.711100,7.881900,3.823300,13.086000,1347.000000,128.309998,3.881902,514.979980,485.179993,2220.000000,0.384900,0.699154,0.376900,1.979700,2.307000,25000.000000,1.314520,3.672300,29.386999,660.090027,5780.799805,7.533000,1.717450,59.601898,0.830600,69.469002,204.520004,3.220800,0.620550,68.224998,21.597900,15.340000,619.000000,0.519550,7.400000,7.017030,1.000000,322.355011,3.359500,8.722200,18.799999,1181.000000,1.428800,4.244200,1.429380,6.699500,1.786200,7.987400,0.740056,354.839996,0.820000,9300.000000,109.717003,13.617600,8.958920,1.000000,3.154600,3.750400,27.540001,2943.000000,103.650002,79.180000,6.850000,108.800003,0.024820,289.739990,128.199997,149.880005,,,,,,,,
2017-01-15,8200.000000,165.078995,1.770000,8.496600,111.970001,66.750000,70.870003,46.230000,25.388000,35.410000,3235.000000,64.129997,0.820300,3.048700,113.699997,3.410000,1678.280029,315.000000,462.000000,7.037700,1.401800,7.819200,22.809999,4.460000,32368.000000,10.588200,1.428800,546.000000,23024.199219,1173.500000,13.499000,108.980003,249.949997,43.529999,10.003000,1.000000,1.790000,116.162300,20020.000000,332.359985,615.830017,68.160004,7.753200,28.660000,0.707500,13.500000,35.779999,0.820800,0.939300,13.500000,7287.000000,176.649994,15.290000,22559.000000,1.950000,2.700000,103.620003,15.839000,4021.000000,549.119995,4.238500,3.723700,3293.000000,49.820000,0.305000,216.486755,1.000000,0.820300,2.000000,9.974800,6.898400,1228.000000,3.640400,2.085000,13321.000000,104.650002,812.590027,716.679993,1.834600,114.467003,3597.000000,31.558001,6.407700,2.304800,9.880000,91.000000,1.000000,5.760100,1.840400,4.120500,1700.272217,1505.199951,900.000000,6.839600,2489.000000,2.591500,22.459999,57.560001,20.065001,1.008500,1.331700,2.711100,7.881900,3.812900,13.182000,1357.000000,127.760002,3.881902,514.979980,485.179993,2217.000000,0.384500,0.699154,0.377000,1.979800,2.309100,25000.000000,1.310900,3.672800,29.375200,659.200012,5780.799805,7.533500,1.717450,59.649502,0.820000,69.469002,204.520004,3.220800,0.620550,68.050003,21.468000,15.340000,622.400024,0.519550,7.400000,6.987030,1.000000,322.355011,3.359500,8.722000,18.850000,1181.000000,1.426900,4.220600,1.425850,6.689500,1.786200,7.985800,0.740056,355.000000,0.820000,9248.000000,109.997002,13.499800,8.900200,1.000000,3.170000,3.750300,27.540001,2943.000000,103.650002,79.169998,6.860000,108.800003,0.024770,288.670013,128.199997,149.820007,,,,,,,,
2017-01-14,8200.000000,165.078995,1.770000,8.496600,111.970001,66.750000,70.870003,46.230000,25.388000,35.410000,3235.000000,64.129997,0.820300,3.048700,113.699997,3.410000,1678.280029,315.000000,462.000000,7.037700,1.401800,7.819200,22.809999,4.460000,32368.000000,10.588200,1.428800,546.000000,23024.199219,1173.500000,13.499000,108.980003,249.949997,43.529999,10.003000,1.000000,1.790000,116.162300,20020.000000,332.359985,615.830017,68.160004,7.753200,28.660000,0.707500,13.500000,35.779999,0.820800,0.939300,13.500000,7287.000000,176.649994,15.290000,22559.000000,1.950000,2.700000,103.620003,15.839000,4021.000000,549.119995,4.238500,3.723700,3293.000000,49.820000,0.305000,216.486755,1.000000,0.820300,2.000000,9.974800,6.898400,1228.000000,3.640400,2.085000,13321.000000,104.650002,812.590027,716.679993,1.834600,114.467003,3597.000000,31.558001,6.407700,2.304800,9.880000,91.000000,1.000000,5.760100,1.840400,4.120500,1700.272217,1505.199951,900.000000,6.839600,2489.000000,2.591500,22.459999,57.560001,20.065001,1.008500,1.331700,2.711100,7.881900,3.812900,13.182000,1357.000000,127.760002,3.881902,514.979980,485.179993,2217.000000,0.384500,0.699154,0.377000,1.979800,2.309100,25000.000000,1.310900,3.672800,29.375200,659.200012,5780.799805,7.533500,1.717450,59.649502,0.820000,69.469002,204.520004,3.220800,0.620550,68.050003,21.468000,15.340000,622.400024,0.519550,7.400000,6.987030,1.000000,322.355011,3.359500,8.722000,18.850000,1181.000000,1.426900,4.220600,1.425850,6.689500,1.786200,7.985800,0.740056,355.000000,0.820000,9248.000000,109.997002,13.499800,8.900200,1.000000,3.170000,3.750300,27.540001,2943.000000,103.650002,79.169998,6.860000,108.800003,0.024770,288.670013,128.199997,149.820007,,,,,,,,
2017-01-13,8169.000000,165.078995,1.770000,8.505530,111.809998,66.739998,69.449997,46.369999,25.408001,35.400002,3240.000000,64.129997,0.821600,3.048700,113.849998,3.400000,1677.800049,314.000000,462.000000,7.050000,1.406300,7.902600,22.830000,4.459500,32368.000000,10.588200,1.429000,545.000000,23041.500000,1173.800049,13.498000,109.400002,249.949997,43.439999,10.064700,1.000000,1.790000,116.162300,20020.000000,332.149994,616.469971,68.214996,7.754400,28.760000,0.707600,13.420000,35.810001,0.820050,0.940200,13.499000,7341.000000,177.600006,15.290000,22569.000000,1.980000,2.700000,103.699997,15.805000,4022.699951,545.000000,4.198500,3.802900,3295.000000,49.740002,0.305200,216.486755,1.000000,0.821600,2.000000,9.974800,6.899400,1219.000000,3.640400,2.097500,13305.000000,104.779999,812.299988,720.000000,1.831500,114.769997,3597.000000,31.568001,6.407700,2.303100,10.020000,90.000000,1.000000,5.760100,1.842300,4.113000,1700.272217,1505.400024,900.000000,6.851600,2488.000000,2.565600,22.459999,57.599998,20.084999,1.008250,1.334400,2.727200,7.881900,3.815300,13.350000,1357.000000,128.220001,3.881024,514.979980,484.890015,2213.000000,0.384900,0.699154,0.377000,1.980000,2.297900,25000.000000,1.314930,3.672500,29.375200,661.429993,5798.700195,7.536500,1.717450,59.366001,0.821400,69.470001,202.710007,3.188100,0.620550,68.050003,21.831800,15.340000,622.479980,0.519550,7.400000,6.991680,1.000000,322.355011,3.359500,8.722000,18.900000,1181.000000,1.427200,4.225300,1.427620,6.689500,1.786200,7.986700,0.739240,354.839996,0.820000,9300.000000,109.572998,13.527700,8.931160,1.000000,3.172100,3.750400,27.440001,2922.000000,103.650002,78.500000,6.850000,108.800003,0.024860,289.010010,128.199997,149.750000,,,,,,,,
2017-01-12,8168.000000,165.078003,1.770000,8.485580,111.570000,66.760002,69.750000,46.360001,25.358101,35.330002,3240.000000,64.129997,0.819000,3.048700,115.059998,3.410000,1677.400024,314.000000,462.000000,7.042400,1.402300,7.887000,22.879999,4.443000,32368.000000,10.678800,1.433300,545.000000,23026.300781,1175.800049,13.694000,107.660004,249.949997,42.180000,10.060400,1.000000,1.790000,116.307198,20020.000000,331.899994,615.210022,67.964996,7.754260,28.650000,0.708400,13.750000,35.840000,0.812990,0.938400,13.694000,7392.000000,176.289993,15.280000,22569.000000,1.980000,2.700000,103.629997,15.829000,4035.000000,543.590027,4.243500,3.814800,3300.000000,49.360001,0.304900,216.486755,1.000000,0.819000,2.000000,9.974800,6.902300,1226.000000,3.640500,2.108000,13234.000000,104.779999,812.250000,720.000000,1.862200,113.880997,3607.000000,31.490000,6.577900,2.321200,10.050000,91.000000,1.000000,5.760100,1.838500,4.106700,1700.272217,1505.699951,900.000000,6.850800,2489.000000,2.573500,22.400000,57.549999,20.055000,1.006900,1.332200,2.729500,7.882000,3.820300,13.086000,1359.000000,128.179993,3.913518,514.979980,484.500000,2213.000000,0.384900,0.699154,0.376900,1.980000,2.307000,25000.000000,1.304770,3.672800,29.371300,670.299988,5791.000000,7.536500,1.717450,59.303001,0.818700,69.463997,204.520004,3.196800,0.620550,68.300003,21.724701,15.340000,622.580017,0.519550,7.400000,6.976460,1.000000,322.355011,3.373600,8.722000,18.950001,1181.000000,1.424900,4.214700,1.424330,6.679500,1.773700,7.986500,0.744509,354.839996,0.820000,9330.000000,109.605003,13.507000,8.928800,1.000000,3.172100,3.750400,27.190001,2967.000000,103.550003,78.400002,6.860000,108.900002,0.025200,288.640015,128.500000,149.949997,,,,,,,,
2017-01-11,8165.000000,165.078003,1.770000,8.606320,112.480003,66.769997,69.650002,46.360001,25.610300,35.540001,3240.000000,64.129997,0.822100,3.048700,115.150002,3.400000,1677.219971,304.250000,462.019989,7.127000,1.424600,7.887000,22.910000,4.469500,32369.000000,10.678800,1.430500,547.000000,23213.900391,1194.300049,13.697000,108.330002,249.949997,43.750000,10.102000,1.000000,1.790000,116.878799,20020.000000,333.859985,620.919983,68.290001,7.754420,28.650000,0.708300,13.750000,35.900002,0.822320,0.947100,13.708000,7392.000000,176.880005,15.270000,22569.000000,1.980000,2.700000,104.480003,15.829000,3991.899902,545.000000,4.198500,3.855500,3303.000000,49.590000,0.305400,216.486755,1.000000,0.822100,2.000000,9.974800,6.926400,1199.000000,3.640500,2.110000,13297.000000,104.750000,812.119995,716.599976,1.850900,115.931999,3622.000000,31.867001,6.577900,2.340800,10.100000,92.000000,1.000000,5.760100,1.855500,4.138300,1700.272217,1505.500000,900.000000,6.903000,2491.000000,2.598300,22.410000,58.020000,20.035000,1.016720,1.353200,2.730300,7.880400,3.850600,13.488000,1354.000000,128.220001,3.859183,514.979980,484.209991,2208.000000,0.384800,0.699154,0.377000,1.980000,2.307000,25000.000000,1.322210,3.672200,29.367300,671.400024,5782.000000,7.536500,1.717450,60.069099,0.821900,69.458000,204.509995,3.195300,0.620550,68.125000,21.781401,15.300000,622.679993,0.519550,7.400000,7.042170,1.000000,322.355011,3.386100,8.722200,18.745001,1181.000000,1.435600,4.256700,1.436260,6.669500,1.773700,7.986800,0.742950,354.839996,0.820000,9380.000000,109.954002,13.707300,9.062350,1.000000,3.172100,3.750400,26.889999,2951.500000,103.599998,78.809998,6.860000,108.800003,0.025240,292.589996,129.149994,149.729996,,,,,,,,
2017-01-10,8201.000000,165.078003,1.770000,8.608970,112.489998,66.779999,71.000000,46.360001,25.594999,35.540001,3240.000000,64.769997,0.822900,3.048700,114.750000,3.400000,1671.000000,304.250000,462.049988,7.131000,1.431600,7.902600,23.459999,4.472000,32370.000000,10.622000,1.410000,548.000000,23216.099609,1198.689941,13.697000,108.379997,249.699997,42.500000,10.110100,0.990000,1.789000,116.183701,20020.000000,332.859985,620.859985,68.285004,7.754700,28.670000,0.707300,13.670000,35.900002,0.822830,0.947400,13.680000,7395.000000,177.949997,15.290000,22569.000000,1.980000,2.700000,104.489998,15.859000,3985.699951,545.000000,4.250000,3.778400,3290.000000,49.560001,0.305400,216.486755,1.000000,0.822900,2.000000,9.990000,6.917900,1190.000000,3.640300,2.110000,13300.000000,104.750000,812.159973,716.590027,1.850900,116.005997,3622.000000,31.926001,6.560000,2.310000,10.100000,91.000000,1.000000,5.760100,1.855400,4.146000,1700.272217,1511.000000,900.000000,6.901400,2486.000000,2.598300,22.410000,58.020000,20.065001,1.017570,1.358700,2.730300,7.880000,3.842600,13.300000,1352.000000,128.139999,3.859183,514.979980,484.209991,2198.000000,0.384500,0.699154,0.376600,1.980000,2.307000,25000.000000,1.321630,3.672500,29.363400,669.859985,5794.299805,7.536500,1.717450,60.126900,0.822600,69.458000,202.710007,3.197300,0.620550,68.199997,21.662500,15.050000,622.580017,0.519550,7.400000,7.043150,1.000000,322.355011,3.388000,8.722200,18.400000,1181.000000,1.435900,4.255300,1.436570,6.679500,1.773700,7.985700,0.742950,354.839996,0.820000,9355.000000,110.153999,13.704600,9.072470,1.000000,3.170000,3.749100,27.090000,2952.000000,103.750000,79.150002,6.860000,108.849998,0.025180,292.829987,128.699997,149.899994,,,,,,,,
2016-12-20,8195.000000,165.074997,1.770000,8.701320,113.919998,66.290001,72.199997,46.169998,25.989901,36.009998,3217.000000,66.449997,0.810400,3.048700,113.820000,3.410000,1667.599976,315.000000,473.899994,7.209000,1.442800,7.764500,23.410000,4.478000,32321.000000,10.864600,1.436300,529.000000,23566.699219,1191.849976,14.079000,108.849998,249.899994,41.200001,10.135000,1.000000,1.790000,118.637604,20020.000000,335.170013,630.409973,67.936996,7.765540,28.629999,0.707200,13.945000,35.840000,0.808530,0.961500,14.010000,5494.000000,177.600006,15.280000,22759.000000,1.970000,2.700000,106.059998,15.839000,4019.899902,544.450012,4.098500,3.529300,3303.000000,49.880001,0.306400,216.486755,1.000000,0.810400,2.000000,9.974800,6.946900,1164.000000,3.640700,2.124000,13423.000000,104.650002,810.969971,715.770020,1.887100,117.783997,3562.000000,32.049000,6.479500,2.319100,9.800000,91.000000,1.000000,5.760100,1.883900,4.249100,1700.272217,1505.400024,900.000000,6.942000,2478.000000,2.550500,22.309999,58.889999,20.115000,1.028160,1.377600,2.773100,7.877000,3.843800,13.425000,1373.000000,128.160004,3.668244,514.979980,481.100006,2171.000000,0.384600,0.699154,0.376900,1.980000,2.259400,25000.000000,1.336750,3.672200,29.281200,675.770020,5761.700195,7.536500,1.717450,61.421600,0.810200,69.328003,202.710007,3.340900,0.620550,67.724998,20.412500,15.220000,620.000000,0.519550,7.330000,7.150730,1.000000,322.355011,3.398000,8.722000,19.620001,1181.000000,1.443500,4.334400,1.444120,6.700300,1.752000,7.998500,0.747714,354.769989,0.820000,9375.000000,111.051003,13.945400,9.353690,1.000000,3.172100,3.749700,26.389999,2994.000000,102.050003,79.010002,6.860000,108.199997,0.025420,298.839996,129.369995,149.149994,,,,,,,,
